-- Base Tables
CREATE MEMORY TABLE SAMPLE(ID VARCHAR(16) NOT NULL PRIMARY KEY,NAME VARCHAR(50),DESCRIPTION VARCHAR(100),USE_YN CHAR(1),REG_USER VARCHAR(10))
CREATE MEMORY TABLE IDS(TABLE_NAME VARCHAR(16) NOT NULL PRIMARY KEY,NEXT_ID DECIMAL(30) NOT NULL)

-- Authentication / Authorization Tables (ENABLED, USER_NAME, BIRTH_DAY, SSN for DefaultMapUserDetailsMapping)
CREATE MEMORY TABLE USERS(USER_ID VARCHAR(30) NOT NULL, USER_PASSWORD VARCHAR(100) NOT NULL, ENABLED INT DEFAULT 1, USER_NAME VARCHAR(100), BIRTH_DAY VARCHAR(20), SSN VARCHAR(20))
CREATE MEMORY TABLE AUTHORITIES(USER_ID VARCHAR(30) NOT NULL, AUTHOR_CODE VARCHAR(30) NOT NULL)
CREATE MEMORY TABLE AUTHROLES(AUTHOR_CODE VARCHAR(30) NOT NULL, ROLE_CODE VARCHAR(50) NOT NULL) 
CREATE MEMORY TABLE ROLES(ROLE_CODE varchar(50) NOT NULL, ROLE_NM varchar(60) NOT NULL, ROLE_PTTRN varchar(300), ROLE_TY varchar(80), ROLE_SORT varchar(10))
CREATE MEMORY TABLE ROLESHIERARCHY(PARNTS_ROLE VARCHAR(50) NOT NULL, CHLDRN_ROLE VARCHAR(50) NOT NULL) 

SET SCHEMA PUBLIC
INSERT INTO SAMPLE VALUES('SAMPLE-00001','Runtime Environment','Foundation Layer','Y','eGov')
INSERT INTO SAMPLE VALUES('SAMPLE-00002','Runtime Environment','Persistence Layer','Y','eGov')
INSERT INTO SAMPLE VALUES('SAMPLE-00003','Runtime Environment','Presentation Layer','Y','eGov')
INSERT INTO SAMPLE VALUES('SAMPLE-00004','Runtime Environment','Business Layer','Y','eGov')
INSERT INTO SAMPLE VALUES('SAMPLE-00005','Runtime Environment','Batch Layer','Y','eGov')
INSERT INTO SAMPLE VALUES('SAMPLE-00006','Runtime Environment','Integration Layer','Y','eGov')
INSERT INTO IDS VALUES('SAMPLE',7)

INSERT INTO USERS(USER_ID, USER_PASSWORD, ENABLED, USER_NAME, BIRTH_DAY, SSN) VALUES('admin', '1', 1, 'Admin', '', '')
INSERT INTO USERS(USER_ID, USER_PASSWORD, ENABLED, USER_NAME, BIRTH_DAY, SSN) VALUES('user', '1', 1, 'Hong Gil-dong', '19800101', '1234567890123')
INSERT INTO USERS(USER_ID, USER_PASSWORD, ENABLED, USER_NAME, BIRTH_DAY, SSN) VALUES('jimi', 'jimi', 1, 'jimi test', '19800102', '1234567890123')
INSERT INTO USERS(USER_ID, USER_PASSWORD, ENABLED, USER_NAME, BIRTH_DAY, SSN) VALUES('test', 'test', 1, 'Kim, Young-Su', '19800103', '1234567890123')
INSERT INTO USERS(USER_ID, USER_PASSWORD, ENABLED, USER_NAME, BIRTH_DAY, SSN) VALUES('buyer', 'buyer', 1, 'Lee, Man-hong', '19800104', '1234567890123')

INSERT INTO AUTHORITIES VALUES('admin', 'ROLE_ADMIN')
INSERT INTO AUTHORITIES VALUES('user', 'ROLE_USER')
INSERT INTO AUTHORITIES VALUES('user', 'ROLE_RESTRICTED')
INSERT INTO AUTHORITIES VALUES('jimi', 'ROLE_USER')
INSERT INTO AUTHORITIES VALUES('test', 'ROLE_ADMIN')
INSERT INTO AUTHORITIES VALUES('test', 'ROLE_RESTRICTED')
INSERT INTO AUTHORITIES VALUES('buyer', 'ROLE_RESTRICTED')

INSERT INTO AUTHROLES VALUES('ROLE_ADMIN', 'role-add')
INSERT INTO AUTHROLES VALUES('ROLE_ADMIN', 'role-update')
INSERT INTO AUTHROLES VALUES('ROLE_ADMIN', 'role-delete')
INSERT INTO AUTHROLES VALUES('ROLE_USER', 'role-detail')
INSERT INTO AUTHROLES VALUES('ROLE_USER', 'role-default-target')
INSERT INTO AUTHROLES VALUES('ROLE_USER', 'role-login-failure')
INSERT INTO AUTHROLES VALUES('ROLE_USER', 'role-access-denied')
INSERT INTO AUTHROLES VALUES('ROLE_ANONYMOUS', 'role-root')
INSERT INTO AUTHROLES VALUES('ROLE_ANONYMOUS', 'role-list')

INSERT INTO ROLES VALUES('role-root', 'root a sample', '/', 'url', '1')
INSERT INTO ROLES VALUES('role-list', 'list a sample', '/sample/list', 'url', '2')
INSERT INTO ROLES VALUES('role-detail', 'detail a sample', '/sample/detail', 'url', '3')
INSERT INTO ROLES VALUES('role-add', 'add a sample', '/sample/add', 'url', '4')
INSERT INTO ROLES VALUES('role-update', 'update a sample', '/sample/update', 'url', '5')
INSERT INTO ROLES VALUES('role-delete', 'delete a sample', '/sample/delete', 'url', '6')
INSERT INTO ROLES VALUES('role-default-target', 'default target', '/sample/defaultTarget', 'url', '7')
INSERT INTO ROLES VALUES('role-login-failure', 'login failure', '/sample/loginFailure', 'url', '8')
INSERT INTO ROLES VALUES('role-access-denied', 'access denied', '/sample/accessDeniedUrl', 'url', '9')
INSERT INTO ROLES VALUES('role-test', 'test url', '/test.do', 'url', '10')
INSERT INTO ROLES VALUES('role-sale-index', 'sale index', '/sale/index.do', 'url', '11')

INSERT INTO AUTHROLES VALUES('ROLE_USER', 'role-test')
INSERT INTO AUTHROLES VALUES('ROLE_RESTRICTED', 'role-sale-index')

INSERT INTO ROLESHIERARCHY VALUES('ROLE_ADMIN', 'ROLE_USER')
INSERT INTO ROLESHIERARCHY VALUES('ROLE_USER', 'ROLE_ANONYMOUS')
