-- Base Tables
CREATE MEMORY TABLE SAMPLE(ID VARCHAR(16) NOT NULL PRIMARY KEY,NAME VARCHAR(50),DESCRIPTION VARCHAR(100),USE_YN CHAR(1),REG_USER VARCHAR(10))
CREATE MEMORY TABLE IDS(TABLE_NAME VARCHAR(16) NOT NULL PRIMARY KEY,NEXT_ID DECIMAL(30) NOT NULL)

-- Authentication / Authorization Tables
CREATE MEMORY TABLE USERS(USER_ID VARCHAR(30) NOT NULL, USER_PASSWORD VARCHAR(100) NOT NULL)
CREATE MEMORY TABLE AUTHORITIES(USER_ID VARCHAR(30) NOT NULL, AUTHOR_CODE VARCHAR(30) NOT NULL)
CREATE MEMORY TABLE AUTHROLES(AUTHOR_CODE VARCHAR(30) NOT NULL, ROLE_CODE VARCHAR(50) NOT NULL) 
CREATE MEMORY TABLE ROLES(ROLE_CODE varchar(50) NOT NULL, ROLE_NM varchar(60) NOT NULL, ROLE_PTTRN varchar(300), ROLE_TY varchar(80), ROLE_SORT varchar(10))

SET SCHEMA PUBLIC
INSERT INTO SAMPLE VALUES('SAMPLE-00001','Runtime Environment','Foundation Layer','Y','eGov')
INSERT INTO SAMPLE VALUES('SAMPLE-00002','Runtime Environment','Persistence Layer','Y','eGov')
INSERT INTO SAMPLE VALUES('SAMPLE-00003','Runtime Environment','Presentation Layer','Y','eGov')
INSERT INTO SAMPLE VALUES('SAMPLE-00004','Runtime Environment','Business Layer','Y','eGov')
INSERT INTO SAMPLE VALUES('SAMPLE-00005','Runtime Environment','Batch Layer','Y','eGov')
INSERT INTO SAMPLE VALUES('SAMPLE-00006','Runtime Environment','Integration Layer','Y','eGov')
INSERT INTO IDS VALUES('SAMPLE',7)

INSERT INTO USERS VALUES('admin', '1')
INSERT INTO USERS VALUES('user', '1')

INSERT INTO AUTHORITIES VALUES('admin', 'ROLE_ADMIN')
INSERT INTO AUTHORITIES VALUES('user', 'ROLE_USER')

INSERT INTO AUTHROLES VALUES('ROLE_ADMIN', 'role-root')
INSERT INTO AUTHROLES VALUES('ROLE_ADMIN', 'role-list')
INSERT INTO AUTHROLES VALUES('ROLE_ADMIN', 'role-detail')
INSERT INTO AUTHROLES VALUES('ROLE_ADMIN', 'role-add')
INSERT INTO AUTHROLES VALUES('ROLE_ADMIN', 'role-update')
INSERT INTO AUTHROLES VALUES('ROLE_ADMIN', 'role-delete')
INSERT INTO AUTHROLES VALUES('ROLE_ADMIN', 'role-access-denied')
INSERT INTO AUTHROLES VALUES('ROLE_USER', 'role-root')
INSERT INTO AUTHROLES VALUES('ROLE_USER', 'role-list')
INSERT INTO AUTHROLES VALUES('ROLE_USER', 'role-detail')
INSERT INTO AUTHROLES VALUES('ROLE_USER', 'role-access-denied')

INSERT INTO ROLES VALUES('role-root', 'root a sample', '/', 'url', '1')
INSERT INTO ROLES VALUES('role-list', 'list a sample', '/sample/list', 'url', '2')
INSERT INTO ROLES VALUES('role-detail', 'detail a sample', '/sample/detail', 'url', '3')
INSERT INTO ROLES VALUES('role-add', 'add a sample', '/sample/add', 'url', '4')
INSERT INTO ROLES VALUES('role-update', 'update a sample', '/sample/update', 'url', '5')
INSERT INTO ROLES VALUES('role-delete', 'delete a sample', '/sample/delete', 'url', '6')
INSERT INTO ROLES VALUES('role-access-denied', 'access denied', '/sample/accessDenied', 'url', '7')
